-- phpMyAdmin SQL Dump
-- version 4.1.14
-- http://www.phpmyadmin.net
--
-- Хост: 127.0.0.1
-- Время создания: Мар 21 2016 г., 16:03
-- Версия сервера: 5.6.17
-- Версия PHP: 5.5.12

SET SQL_MODE = "NO_AUTO_VALUE_ON_ZERO";
SET time_zone = "+00:00";


/*!40101 SET @OLD_CHARACTER_SET_CLIENT=@@CHARACTER_SET_CLIENT */;
/*!40101 SET @OLD_CHARACTER_SET_RESULTS=@@CHARACTER_SET_RESULTS */;
/*!40101 SET @OLD_COLLATION_CONNECTION=@@COLLATION_CONNECTION */;
/*!40101 SET NAMES utf8 */;

--
-- База данных: `ktstal`
--

-- --------------------------------------------------------

--
-- Структура таблицы `categories`
--

CREATE TABLE IF NOT EXISTS `categories` (
  `id` int(10) unsigned NOT NULL AUTO_INCREMENT,
  `name` varchar(255) COLLATE utf8_unicode_ci NOT NULL,
  PRIMARY KEY (`id`)
) ENGINE=InnoDB  DEFAULT CHARSET=utf8 COLLATE=utf8_unicode_ci AUTO_INCREMENT=860 ;

--
-- Дамп данных таблицы `categories`
--

INSERT INTO `categories` (`id`, `name`) VALUES
(1, 'Товары'),
(2, 'Услуги'),
(3, 'Арматура коротыш'),
(9, 'Круг стальной'),
(10, 'Квадрат стальной'),
(11, 'Лист стальной'),
(12, 'Труба профильная ГОСТ'),
(19, 'Уголок стальной '),
(25, 'Сетка сварная ВР'),
(32, 'Сетка сварная в рулоне'),
(39, 'Услуги'),
(40, 'Полоса '),
(42, 'Проволока отожженная'),
(46, 'Диск отрезной '),
(50, 'Электроды сварочные'),
(62, 'Швеллер'),
(75, 'Проволока ВР-1'),
(79, 'Порезка металлопроката'),
(101, 'Обмотка'),
(103, 'Труба круглая ДУ ГОСТ'),
(107, 'Топливо'),
(109, 'Сетка рабица'),
(121, 'Новая папка'),
(124, 'Сетка просечно-вытяжная'),
(126, 'Лакокрасочные'),
(147, 'Металлоконструкции'),
(166, 'Оборудование'),
(167, 'Опалубка'),
(193, 'Расходные материалы'),
(215, 'Двутавр'),
(227, 'Арматура мера'),
(245, 'Электро товары'),
(283, 'Расходные и Строительные материалы'),
(310, 'Лист стальной ОПТ*'),
(314, 'Лист оцинковка'),
(318, 'Стройряд'),
(337, 'Профнастил'),
(341, 'Шифер'),
(493, 'Лист стальной рифленный'),
(516, 'Метизы'),
(552, 'Арматура ндл 3-12м'),
(643, 'Оптовая торговля'),
(651, 'Петли'),
(673, 'Профиль для гипсокартона'),
(712, 'Анкер'),
(817, 'Лист просечно вытяжной'),
(850, 'Арматура'),
(851, 'Лист'),
(852, 'Сетка'),
(853, 'Проволока'),
(854, 'Труба'),
(855, 'Пена монтажная'),
(856, 'Миниральная вата'),
(857, 'OSB'),
(858, 'Шпаклевки,Штукатурки'),
(859, 'Гипсокартон');

-- --------------------------------------------------------

--
-- Структура таблицы `cat_to_cat`
--

CREATE TABLE IF NOT EXISTS `cat_to_cat` (
  `id` int(10) unsigned NOT NULL AUTO_INCREMENT,
  `child_id` int(10) unsigned NOT NULL,
  `parent_id` int(10) unsigned NOT NULL,
  PRIMARY KEY (`id`),
  UNIQUE KEY `cat_to_cat_child_id_parent_id_unique` (`child_id`,`parent_id`),
  KEY `cat_to_cat_parent_id_foreign` (`parent_id`)
) ENGINE=InnoDB  DEFAULT CHARSET=utf8 COLLATE=utf8_unicode_ci AUTO_INCREMENT=891 ;

--
-- Дамп данных таблицы `cat_to_cat`
--

INSERT INTO `cat_to_cat` (`id`, `child_id`, `parent_id`) VALUES
(856, 1, 2),
(857, 3, 850),
(858, 9, 1),
(859, 10, 1),
(860, 11, 851),
(861, 12, 854),
(862, 19, 1),
(863, 25, 852),
(864, 32, 852),
(865, 39, 2),
(866, 40, 1),
(867, 42, 853),
(868, 46, 283),
(869, 50, 283),
(849, 62, 1),
(850, 75, 853),
(873, 79, 2),
(847, 101, 75),
(874, 103, 854),
(875, 107, 39),
(876, 109, 852),
(836, 121, 39),
(844, 124, 852),
(845, 126, 283),
(846, 147, 39),
(870, 166, 39),
(871, 167, 166),
(848, 193, 39),
(851, 215, 1),
(872, 227, 850),
(840, 245, 283),
(841, 283, 1),
(837, 310, 39),
(838, 314, 851),
(855, 318, 39),
(842, 337, 1),
(843, 341, 283),
(852, 493, 851),
(853, 516, 283),
(854, 552, 850),
(877, 643, 39),
(878, 651, 283),
(879, 673, 283),
(880, 712, 283),
(839, 817, 851),
(881, 850, 1),
(882, 851, 1),
(883, 852, 1),
(884, 853, 1),
(885, 854, 1),
(886, 855, 283),
(887, 856, 283),
(888, 857, 283),
(889, 858, 283),
(890, 859, 283);

-- --------------------------------------------------------

--
-- Структура таблицы `contents`
--

CREATE TABLE IF NOT EXISTS `contents` (
  `id` int(10) unsigned NOT NULL AUTO_INCREMENT,
  `content` text COLLATE utf8_unicode_ci NOT NULL,
  `product_id` int(10) unsigned NOT NULL,
  PRIMARY KEY (`id`),
  KEY `contents_product_id_foreign` (`product_id`)
) ENGINE=InnoDB DEFAULT CHARSET=utf8 COLLATE=utf8_unicode_ci AUTO_INCREMENT=1 ;

-- --------------------------------------------------------

--
-- Структура таблицы `currencies`
--

CREATE TABLE IF NOT EXISTS `currencies` (
  `id` int(10) unsigned NOT NULL AUTO_INCREMENT,
  `name` varchar(255) COLLATE utf8_unicode_ci NOT NULL,
  PRIMARY KEY (`id`),
  UNIQUE KEY `currencies_name_unique` (`name`)
) ENGINE=InnoDB  DEFAULT CHARSET=utf8 COLLATE=utf8_unicode_ci AUTO_INCREMENT=2 ;

--
-- Дамп данных таблицы `currencies`
--

INSERT INTO `currencies` (`id`, `name`) VALUES
(1, 'грн');

-- --------------------------------------------------------

--
-- Структура таблицы `measures`
--

CREATE TABLE IF NOT EXISTS `measures` (
  `id` int(10) unsigned NOT NULL AUTO_INCREMENT,
  `name` varchar(255) COLLATE utf8_unicode_ci NOT NULL,
  PRIMARY KEY (`id`),
  UNIQUE KEY `measures_name_unique` (`name`)
) ENGINE=InnoDB  DEFAULT CHARSET=utf8 COLLATE=utf8_unicode_ci AUTO_INCREMENT=5 ;

--
-- Дамп данных таблицы `measures`
--

INSERT INTO `measures` (`id`, `name`) VALUES
(1, 'кг'),
(4, 'м.п.'),
(3, 'м2'),
(2, 'шт');

-- --------------------------------------------------------

--
-- Структура таблицы `migrations`
--

CREATE TABLE IF NOT EXISTS `migrations` (
  `migration` varchar(255) COLLATE utf8_unicode_ci NOT NULL,
  `batch` int(11) NOT NULL
) ENGINE=InnoDB DEFAULT CHARSET=utf8 COLLATE=utf8_unicode_ci;

--
-- Дамп данных таблицы `migrations`
--

INSERT INTO `migrations` (`migration`, `batch`) VALUES
('2014_10_12_000000_create_users_table', 1),
('2014_10_12_100000_create_password_resets_table', 1),
('2015_10_28_135246_create_table_products', 1),
('2015_11_09_080719_create_categories_table', 1),
('2015_11_12_073628_products_to_category_table', 1),
('2015_11_18_081539_create_content_table_for_products', 1),
('2016_01_05_124341_create_measuares_table', 1),
('2016_01_05_124424_create_currencies_table', 1),
('2016_01_05_124959_add_indexes_products_to_currencies_and_measures', 1),
('2016_01_05_144540_create_cat_to_cat_table', 1),
('2016_01_05_144637_add_indexes_to_cat_to_cat_table', 1);

-- --------------------------------------------------------

--
-- Структура таблицы `password_resets`
--

CREATE TABLE IF NOT EXISTS `password_resets` (
  `email` varchar(255) COLLATE utf8_unicode_ci NOT NULL,
  `token` varchar(255) COLLATE utf8_unicode_ci NOT NULL,
  `created_at` timestamp NOT NULL DEFAULT '0000-00-00 00:00:00',
  KEY `password_resets_email_index` (`email`),
  KEY `password_resets_token_index` (`token`)
) ENGINE=InnoDB DEFAULT CHARSET=utf8 COLLATE=utf8_unicode_ci;

-- --------------------------------------------------------

--
-- Структура таблицы `products`
--

CREATE TABLE IF NOT EXISTS `products` (
  `id` int(10) unsigned NOT NULL AUTO_INCREMENT,
  `article` int(10) unsigned NOT NULL,
  `name` varchar(255) COLLATE utf8_unicode_ci NOT NULL,
  `price` double(8,2) NOT NULL,
  `currency` int(10) unsigned DEFAULT NULL,
  `measure` int(10) unsigned DEFAULT NULL,
  `basic_measure` int(10) unsigned DEFAULT NULL,
  `category_id` int(10) unsigned DEFAULT NULL,
  PRIMARY KEY (`id`),
  KEY `products_category_id_foreign` (`category_id`),
  KEY `products_currency_foreign` (`currency`),
  KEY `products_measure_foreign` (`measure`),
  KEY `products_basic_measure_foreign` (`basic_measure`)
) ENGINE=InnoDB  DEFAULT CHARSET=utf8 COLLATE=utf8_unicode_ci AUTO_INCREMENT=866 ;

--
-- Дамп данных таблицы `products`
--

INSERT INTO `products` (`id`, `article`, `name`, `price`, `currency`, `measure`, `basic_measure`, `category_id`) VALUES
(4, 0, 'Арматура 8мм*', 8.68, 1, 1, 1, 3),
(5, 0, 'Арматура 10мм*', 7.97, 1, 1, 1, 3),
(6, 0, 'Арматура 12мм*', 8.43, 1, 1, 1, 3),
(7, 0, 'Арматура 16мм*', 8.33, 1, 1, 1, 3),
(8, 0, 'Арматура 14мм*', 8.37, 1, 1, 1, 3),
(13, 0, 'Труба профильная 15/15/2', 11.20, 1, 4, 4, 12),
(14, 0, 'Труба профильная 20/20/2', 13.50, 1, 4, 4, 12),
(15, 0, 'Труба профильная 30/20/2', 17.60, 1, 4, 4, 12),
(16, 0, 'Труба профильная 40/20/2', 21.30, 1, 4, 4, 12),
(17, 0, 'Труба профильная 50/25/2', 28.65, 1, 4, 4, 12),
(18, 0, 'Труба профильная 60/60/2', 47.95, 1, 4, 4, 12),
(20, 0, 'Уголок стальной 35/35/3*', 10.93, 1, 1, 1, 19),
(21, 0, 'Лист стальной х/к 2мм 2000/1000мм', 368.00, 1, 2, 2, 11),
(22, 0, 'Круг стальной ф6,5мм', 9.88, 1, 1, 1, 9),
(23, 0, 'Круг стальной ф10мм', 10.16, 1, 1, 1, 9),
(24, 0, 'Квадрат стальной 12/12', 14.38, 1, 1, 1, 10),
(26, 0, 'Сетка сварная 100/100/3, карта 2/1', 16.60, 1, 2, 2, 25),
(27, 0, 'Сетка сварная 100/100/4, карта 2/1', 34.20, 1, 2, 2, 25),
(28, 0, 'Сетка сварная 100/100/5 карта 2/1', 56.00, 1, 2, 2, 25),
(29, 0, 'Сетка сварная 50/50/3 карта 2/1', 28.90, 1, 2, 2, 25),
(30, 0, 'Сетка сварная 50/50/3 карта 2/0,5', 14.45, 1, 2, 2, 25),
(31, 0, 'Сетка сварная 50/50/3 карта 2/0,38', 10.98, 1, 2, 2, 25),
(33, 0, 'Сетка в рулоне 25/12/0.7 черная 30/1', 429.00, 1, 1, 2, 32),
(34, 0, 'Сетка в рулоне 25/25/1 оцинкованная 30/1', 336.00, 1, 1, 2, 32),
(35, 0, 'Сетка в рулоне 25/12/1.2 оцинкованная 30/1', 1.00, 1, 1, 2, 32),
(36, 0, 'Сетка в рулоне 50/25/1.4 оцинкованная 30/1', 796.00, 1, 1, 2, 32),
(37, 0, 'Сетка в рулоне 25/25/1.2 черная 30/1', 372.00, 1, 1, 2, 32),
(38, 0, 'Изготовление каркаса', 0.00, NULL, NULL, 2, 2),
(41, 0, 'Полоса 40/4', 14.05, 1, 1, 1, 40),
(43, 0, 'Проволока отожженная ф1,2мм', 22.99, 1, 1, 1, 42),
(44, 0, 'Проволока отожженная ф1,0мм', 22.99, 1, 1, 1, 42),
(45, 0, 'Проволока отожженная ф1,4мм', 22.99, 1, 1, 1, 42),
(47, 0, 'Диск отрезной "Атаман" 230мм', 18.75, 1, 2, 2, 46),
(48, 0, 'Диск отрезной "Запорожье" 230мм 2мм', 18.20, 1, 2, 2, 46),
(49, 0, 'Диск отрезной "Луга" 230мм', 18.50, 1, 2, 2, 46),
(51, 0, 'Электроды "Вистек" ф3мм 5кг', 199.99, 1, 2, 2, 50),
(52, 0, 'Электроды "Монолит" ф3мм 2.5кг', 139.00, 1, 2, 2, 50),
(53, 0, 'Электроды "Монолит" ф3мм 1кг', 65.00, 1, 2, 2, 50),
(54, 0, 'Труба профильная 40/40/2', 29.50, 1, 4, 4, 12),
(55, 0, 'Сетка сварная 65/65/3 карта 2/1', 22.20, 1, 2, 2, 25),
(56, 0, 'Сетка сварная 100/100/3 карта 2/0,5', 8.30, 1, 2, 2, 25),
(57, 0, 'Диск отрезной "Атаман" 125мм', 9.00, 1, 2, 2, 46),
(58, 0, 'Электроды "Вистек" ф3мм 2,5кг', 115.00, 1, 2, 2, 50),
(59, 0, 'Электроды "Вистек" ф3мм 1кг', 54.99, 1, 2, 2, 50),
(60, 0, 'Электроды "Standart" ф3мм 2,5кг', 134.99, 1, 2, 2, 50),
(61, 0, 'Уголок стальной 75/75/6*', 12.84, 1, 1, 1, 19),
(63, 0, 'Швеллер 8 кг.', 11.91, 1, 1, 1, 62),
(64, 0, 'Швеллер 10 кг.', 8.30, 1, 1, 1, 62),
(65, 0, 'Швеллер 14 кг.', 11.87, 1, 1, 1, 62),
(66, 0, 'Труба профильная 60/30/2', 35.30, 1, 4, 4, 12),
(67, 0, 'Труба профильная 60/40/2', 38.05, 1, 4, 4, 12),
(68, 0, 'Труба профильная 80/60/2', 60.25, 1, 4, 4, 12),
(69, 0, 'Труба профильная 80/80/2', 68.15, 1, 4, 4, 12),
(70, 0, 'Уголок стальной 50/50/5*', 10.88, 1, 1, 1, 19),
(71, 0, 'Уголок стальной 100/100/7*', 12.87, 1, 1, 1, 19),
(72, 0, 'Арматура 20мм*', 8.27, 1, 1, 1, 3),
(73, 0, 'Арматура стеклопластиковая 4мм', 2.50, 1, 1, 4, 3),
(74, 0, 'Арматура стеклопластиковая 8мм', 6.80, 1, 1, 4, 3),
(76, 0, 'Проволока ВР-1 4мм', 2.75, 1, 1, 4, 75),
(77, 0, 'Арматура 22мм*', 8.15, 1, 1, 1, 3),
(78, 0, 'Сетка сварная 50/50/4 карта 2/0,5', 30.24, 1, 2, 2, 25),
(80, 0, 'Порезка металлопроката', 0.00, NULL, NULL, 2, 79),
(81, 0, 'Порезка металлопроката', 0.00, NULL, NULL, 2, 79),
(82, 0, 'Порезка металлопроката', 0.00, NULL, NULL, 2, 79),
(83, 0, 'Квадрат стальной 10/10', 14.81, 1, 1, 1, 10),
(84, 0, 'Уголок стальной 40/40/4*', 10.53, 1, 1, 1, 19),
(85, 0, 'Арматура 18мм*', 8.30, 1, 1, 1, 3),
(86, 0, 'Круг стальной ф6мм', 13.04, 1, 1, 1, 9),
(87, 0, 'Уголок стальной 45/45/4*', 10.84, 1, 1, 1, 19),
(88, 0, 'Круг стальной ф7,5мм', 6.71, 1, 1, 1, 9),
(89, 0, 'Доставка арматуры свыше 4', 50.00, 1, 2, 2, 39),
(90, 0, 'Проволока отожженная ф4мм', 0.00, NULL, NULL, 1, 42),
(91, 0, 'Арматура 6мм*', 12.86, 1, 1, 1, 3),
(92, 0, 'Сетка сварная 50/50/4 карта 2/1', 60.48, 1, 2, 2, 25),
(93, 0, 'Сетка сварная 150/150/3 карта 2/1', 13.90, 1, 2, 2, 25),
(94, 0, 'Сетка сварная 150/150/4 карта 2/1', 27.90, 1, 2, 2, 25),
(95, 0, 'Труба профильная 30/30/2', 21.75, 1, 4, 4, 12),
(96, 0, 'Труба профильная 30/30/1.8', 21.05, 1, 4, 4, 12),
(97, 0, 'Труба профильная 40/40/1.8', 28.50, 1, 4, 4, 12),
(98, 0, 'Лист стальной х/к 1,8мм 2000/1000мм', 339.00, 1, 2, 2, 11),
(99, 0, 'Лист стальной х/к 1мм 2500/1250мм', 0.00, NULL, NULL, 2, 11),
(100, 0, 'Труба профильная 30/20/1.8', 17.25, 1, 4, 4, 12),
(102, 0, 'Обмотка', 6.99, 1, 1, 1, 101),
(104, 0, 'Труба ДУ 25мм*2,8', 29.00, 1, 4, 4, 103),
(105, 0, 'Арматура 25мм*', 0.00, NULL, NULL, 1, 3),
(106, 0, 'Круг стальной ф8мм', 12.15, 1, 1, 1, 9),
(108, 0, 'АИ-92', 0.00, NULL, NULL, 2, 107),
(110, 0, 'Сетка рабица 35/35/1,5 черн.', 349.99, 1, 2, 2, 109),
(111, 0, 'Сетка рабица 50/50/1,5 черн.', 259.99, 1, 2, 2, 109),
(112, 0, 'Сетка рабица 50/50/1 оц.', 201.99, 1, 2, 2, 109),
(113, 0, 'Сетка рабица 50/50/1,2 оц.', 239.99, 1, 2, 2, 109),
(114, 0, 'Сетка рабица 50/50/1,5 оц.', 293.99, 1, 2, 2, 109),
(115, 0, 'Сетка рабица 50/50/1,8 оц.', 349.99, 1, 2, 2, 109),
(116, 0, 'Диск алмазный "Stern" 230мм', 0.00, NULL, NULL, 2, 46),
(117, 0, 'Диск алмазный "KT" 230мм', 0.00, NULL, NULL, 2, 46),
(118, 0, 'Проволока ВР-1 ф3', 1.75, 1, 1, 4, 75),
(119, 0, 'Проволока ВР-1 ф4', 2.75, 1, 1, 4, 75),
(120, 0, 'Проволока ВР-1 ф5', 4.25, 1, 1, 4, 75),
(122, 0, 'Сетка арм. 1,97 ф3', 7.99, 1, 2, 2, 25),
(123, 0, 'Сетка арм. 1,97 ф4', 12.99, 1, 2, 2, 25),
(125, 0, 'Сетка просечно вытяж. 3,2*13,4*1.5 размер 1*3,5-1оц.', 358.55, 1, 2, 2, 124),
(127, 0, 'Круг стальной ф14мм', 12.85, 1, 1, 1, 9),
(128, 0, 'Круг стальной ф12мм', 9.94, 1, 1, 1, 9),
(129, 0, 'Лист стальной х/к 1,5мм 2000/1000мм', 284.00, 1, 2, 2, 11),
(130, 0, 'Сетка рабица 75/75/1,5 черн.компакт', 109.00, 1, 2, 2, 109),
(131, 0, 'Диск отрезной "Запорожье" 350мм', 0.00, NULL, NULL, 2, 46),
(132, 0, 'Сетка рабица 40/40/1,6 н1,5 ченр.', 0.00, NULL, NULL, 2, 109),
(133, 0, 'Сетка рабица 40/40/1,6 н1,5 оц.', 0.00, NULL, NULL, 2, 109),
(134, 0, 'Сетка рабица 50/50/1,8 оц. н1,5', 293.99, 1, 2, 2, 109),
(135, 0, 'Сетка рабица 50/50/1,8 черн. н1,5', 259.99, 1, 2, 2, 109),
(136, 0, 'Уголок стальной 100/100/8*', 13.82, 1, 1, 1, 19),
(137, 0, 'Труба профильная 60/40/б/у', 0.00, NULL, NULL, 1, 12),
(138, 0, 'Труба профильная 40/40/б/у', 0.00, NULL, NULL, 1, 12),
(139, 0, 'Диск алмазный "Hilti" 230мм', 0.00, NULL, NULL, 2, 46),
(140, 0, 'Труба профильная 50/50/2', 39.45, 1, 4, 4, 12),
(141, 0, 'Уголок стальной 70/70/7*', 13.01, 1, 1, 1, 19),
(142, 0, 'Уголок стальной 65/65/6*', 15.23, 1, 1, 1, 19),
(143, 0, 'Сетка в рулоне 25/25/1.4 оцинкованная 30/1', 999.00, 1, 1, 2, 32),
(144, 0, 'Полоса 50/5', 12.40, 1, 1, 1, 40),
(145, 0, 'Электроды "Вистек" ф4мм 5кг', 180.00, 1, 2, 2, 50),
(146, 0, 'Уголок стальной 63/63/6*', 10.66, 1, 1, 1, 19),
(148, 0, 'Армокаркас 4-ф10-300-ф6,5', 0.00, NULL, NULL, 4, 147),
(149, 0, 'Электроды "Фрунзе" ф3мм 5кг', 149.50, 1, 2, 2, 50),
(150, 0, 'Труба профильная 50/50/3', 57.70, 1, 4, 4, 12),
(151, 0, 'Грунт "Фентези"', 99.99, 1, 2, 2, 126),
(152, 0, 'Грунт ГФ021 2,8л.', 99.49, 1, 2, 2, 126),
(153, 0, 'Растворитель для краски, 430 гр.', 24.99, 1, 2, 2, 126),
(154, 0, 'Труба профильная 50/30/2', 30.30, 1, 4, 4, 12),
(155, 0, 'Армокаркас 4-ф10-130*130*300-ф6,5', 0.00, NULL, NULL, 4, 147),
(156, 0, 'Уголок стальной 32/32/3*', 14.21, 1, 1, 1, 19),
(157, 0, 'Армокаркас 4-ф10-330*200*300-ф6,5', 0.00, NULL, NULL, 4, 147),
(158, 0, 'Армокаркас 4-ф10-130*130*300-ф6,5', 0.00, NULL, NULL, 4, 147),
(159, 0, 'Стол 900*900*900', 0.00, NULL, NULL, 2, 147),
(160, 0, 'Швеллер 12 кг.', 0.00, NULL, NULL, 1, 62),
(161, 0, 'Труба профильная 80/80/4', 123.90, 1, 4, 4, 12),
(162, 0, 'Труба профильная 100/100/3', 136.45, 1, 4, 4, 12),
(163, 0, 'Диск отрезной "Запорожье" 125мм', 8.32, 1, 2, 2, 46),
(164, 0, 'Диск отрезной "Запорожье" 180мм', 17.00, 1, 2, 2, 46),
(165, 0, 'Диск отрезной "Запорожье" 150мм', 12.40, 1, 2, 2, 46),
(168, 0, 'Фанера 2,5*1,25*21', 0.00, NULL, NULL, 2, 167),
(169, 0, 'Домкраты', 0.00, NULL, NULL, 2, 167),
(170, 0, 'Короны', 0.00, NULL, NULL, 2, 167),
(171, 0, 'Ригель', 0.00, NULL, NULL, 2, 167),
(172, 0, 'Фанера 2,5*1,25*21 б/у', 0.00, NULL, NULL, 2, 167),
(173, 0, 'Козырек', 0.00, NULL, NULL, 2, 147),
(174, 0, 'Ригель Peri', 0.00, NULL, NULL, 4, 167),
(175, 0, 'Гайка шарнирная Peri', 0.00, NULL, NULL, 2, 167),
(176, 0, 'Стяжка Peri 1000мм', 0.00, NULL, NULL, 2, 167),
(177, 0, 'Сетка рабица 35/35/1,5оцинкованная', 399.99, 1, 2, 2, 109),
(178, 0, 'Сетка в рулоне 50/25/1.2 оцинкованная 30/1', 531.00, 1, 1, 2, 32),
(179, 0, 'Сетка в рулоне 25/12/1.4 оцинкованная 30/1', 1.00, 1, 1, 2, 32),
(180, 0, 'Сетка в рулоне 25/25/1.6 оцинкованная 30/1', 1.00, 1, 1, 2, 32),
(181, 0, 'Ляда', 0.00, NULL, NULL, 2, 147),
(182, 0, 'Труба профильная 40/30/3', 38.65, 1, 4, 4, 12),
(183, 0, 'Труба профильная 50/25/3', 44.30, 1, 4, 4, 12),
(184, 0, 'Швеллер 8 мера м.п.', 84.00, 1, 4, 4, 62),
(185, 0, 'Швеллер 12 мера м.п.', 124.00, 1, 4, 4, 62),
(186, 0, 'Швеллер 14 мера м.п.', 146.00, 1, 4, 4, 62),
(187, 0, 'Электроды "Standart" ф3мм 1кг', 59.99, 1, 2, 2, 50),
(188, 0, 'Диск отрезной "Ринг" 230мм', 19.00, 1, 2, 2, 46),
(189, 0, 'Проволока для сварки ф0,8 Китай 5кг.', 999.99, 1, 2, 2, 50),
(190, 0, 'Электроды "Maxveld" ф3мм 5кг', 149.99, 1, 2, 2, 50),
(191, 0, 'Грунт Арктика', 98.99, 1, 2, 2, 126),
(192, 0, 'Грунт ГФ021 0,9л', 44.99, 1, 2, 2, 126),
(194, 0, 'Перчатки синтетика', 9.99, 1, 2, 2, 283),
(195, 0, 'Перчатки синтетика эконом', 9.99, 1, 2, 2, 283),
(196, 0, 'Гайки для болгарки', 0.00, NULL, NULL, 2, 283),
(197, 0, 'Ключ для болгарки', 0.00, NULL, NULL, 2, 283),
(198, 0, 'Кисть 36 мм', 7.99, 1, 2, 2, 126),
(199, 0, 'Кисть 50 мм', 9.99, 1, 2, 2, 126),
(200, 0, 'Кисть 76 мм', 12.99, 1, 2, 2, 126),
(201, 0, 'Кисть 90 мм', 14.99, 1, 2, 2, 126),
(202, 0, 'Рулетка 5м.', 0.00, NULL, NULL, 2, 283),
(203, 0, 'Труба профильная 40/40/3', 42.80, 1, 4, 4, 12),
(204, 0, 'Труба профильная 60/60/4', 93.00, 1, 4, 4, 12),
(205, 0, 'Труба профильная 60/60/2.8', 67.60, 1, 4, 4, 12),
(206, 0, 'Козырек для балкона', 0.00, NULL, NULL, 2, 147),
(207, 0, 'Ступеньки', 0.00, NULL, NULL, 2, 147),
(208, 0, 'Диск отрезной "КТ-Сталь" 150мм', 12.40, 1, 2, 2, 46),
(209, 0, 'Диск отрезной "КТ-Сталь" 180мм', 14.25, 1, 2, 2, 46),
(210, 0, 'Диск отрезной "Ринг" 125мм', 9.50, 1, 2, 2, 46),
(211, 0, 'Диск отрезной "КТ-Сталь" 125мм', 8.50, 1, 2, 2, 46),
(212, 0, 'Диск отрезной "Ринг" 150мм', 12.40, 1, 2, 2, 46),
(213, 0, 'Диск отрезной "Ринг" 180мм', 17.00, 1, 2, 2, 46),
(214, 0, 'Полоса 30/4', 13.30, 1, 1, 1, 40),
(216, 0, 'Двутавр 16', 266.20, 1, 4, 4, 215),
(217, 0, 'Решетка', 0.00, NULL, NULL, 2, 147),
(218, 0, 'Швеллер 16 мера м.п.', 173.00, 1, 4, 4, 62),
(219, 0, 'Швеллер 18 мера м.п.', 197.00, 1, 4, 4, 62),
(220, 0, 'Швеллер 20 мера м.п.', 238.00, 1, 4, 4, 62),
(221, 0, 'Полоса 60/6', 11.10, 1, 1, 1, 40),
(222, 0, 'Сетка рабица 35/35/1оцинкованная', 0.00, NULL, NULL, 2, 109),
(223, 0, 'Труба профильная 60/30/3', 52.75, 1, 4, 4, 12),
(224, 0, 'Уголок стальной 90/90/7*', 13.22, 1, 1, 1, 19),
(225, 0, 'Уголок стальной 75/75/8*', 12.73, 1, 1, 1, 19),
(226, 0, 'Швеллер 6,5 кг.', 102.00, 1, 1, 1, 62),
(228, 0, 'Арматура 12мм; кл. А500С; 12м', 9.15, 1, 1, 1, 227),
(229, 0, 'Труба профильная 60/30/4', 93.40, 1, 4, 4, 12),
(230, 0, 'Швеллер 24 мера м.п.', 330.00, 1, 4, 4, 62),
(231, 0, 'Грунт Арктика 0,9', 44.99, 1, 2, 2, 126),
(232, 0, 'Растворитель для краски, 230 гр.', 20.63, 1, 2, 2, 126),
(233, 0, 'Проволока для сварки ф1 Китай 5кг.', 949.99, 1, 2, 2, 50),
(234, 0, 'Кисть 60 мм', 10.99, 1, 2, 2, 126),
(235, 0, 'Кисть 70 мм', 12.99, 1, 2, 2, 126),
(236, 0, 'Кисть 80 мм', 14.99, 1, 2, 2, 126),
(237, 0, 'Грунт "Фентези" 0,9', 44.99, 1, 2, 2, 126),
(238, 0, 'Мешок 90/50', 0.00, NULL, NULL, 2, 283),
(239, 0, 'Мешок 105/50', 0.00, NULL, NULL, 2, 283),
(240, 0, 'Сетка сварная 100/100/5 карта 2/1 ГОСТ', 0.00, NULL, NULL, 2, 25),
(241, 0, 'Сетка в рулоне 50/50/1.4 оцинкованная 30/1', 531.00, 1, 1, 2, 32),
(242, 0, 'Уголок стальной 125/125/8* Мера', 16.67, 1, 1, 1, 19),
(243, 0, 'Металлоконструкция', 0.00, NULL, NULL, 2, 147),
(244, 0, 'Лист стальной 10 мм Б/У', 12.00, 1, 3, 2, 11),
(246, 0, 'Тройник Viko', 0.00, NULL, NULL, 2, 245),
(247, 0, 'Диск зачистной "КТ-Сталь" 125мм', 9.99, 1, 2, 2, 46),
(248, 0, 'Диск зачистной "КТ-Сталь" 150мм', 14.99, 1, 2, 2, 46),
(249, 0, 'Диск зачистной "КТ-Сталь" 230мм', 17.99, 1, 2, 2, 46),
(250, 0, 'Насадка щетка "КТ-Сталь" 75мм жест.', 21.99, 1, 2, 2, 46),
(251, 0, 'Насадка щетка "КТ-Сталь" 85мм жест.', 22.65, 1, 2, 2, 46),
(252, 0, 'Насадка щетка "КТ-Сталь" 85мм мягк.', 17.33, 1, 2, 2, 46),
(253, 0, 'Насадка щетка "КТ-Сталь" 100мм жест.', 19.97, 1, 2, 2, 46),
(254, 0, 'Насадка щетка "КТ-Сталь" 125мм мякг.', 29.32, 1, 2, 2, 46),
(255, 0, 'Растворитель для краски 646 0,34кг', 20.63, 1, 2, 2, 126),
(256, 0, 'Кисть 40 мм', 7.99, 1, 2, 2, 126),
(257, 0, 'Лист стальной х/к 1,5мм 2500/1250мм', 438.00, 1, 2, 2, 11),
(258, 0, 'Швеллер 10 мера м.п.', 100.00, 1, 4, 4, 62),
(259, 0, 'Лист стальной х/к 1,8мм 2500/1250мм', 533.00, 1, 2, 2, 11),
(260, 0, 'Лист стальной х/к 2мм 2500/1250мм', 681.00, 1, 2, 2, 11),
(261, 0, 'Квадрат стальной 8/8', 15.10, 1, 1, 1, 10),
(262, 0, 'Квадрат стальной 14/14', 14.70, 1, 1, 1, 10),
(263, 0, 'Квадрат стальной 16/16', 14.50, 1, 1, 1, 10),
(264, 0, 'Лист стальной х/к 0,8мм 2500/1250мм', 240.00, 1, 2, 2, 11),
(265, 0, 'Уголок стальной 20/20/3*', 17.27, 1, 1, 1, 19),
(266, 0, 'Труба профильная 40/20/2.2', 22.90, 1, 4, 4, 12),
(267, 0, 'Уголок стальной 63/63/5* Мера', 10.81, 1, 1, 1, 19),
(268, 0, 'Проволока для сварки по нержавейке', 0.00, NULL, NULL, 2, 50),
(269, 0, 'Лопата "Штык" эконом', 34.99, 1, 2, 2, 283),
(270, 0, 'Лопата "Совок" эконом', 34.99, 1, 2, 2, 283),
(271, 0, 'Лопата "Штык"', 34.99, 1, 2, 2, 283),
(272, 0, 'Лопата "Совок"', 34.99, 1, 2, 2, 283),
(273, 0, 'Держак деревянный', 19.99, 1, 2, 2, 283),
(274, 0, 'Изолента "эконом"', 9.99, 1, 2, 2, 283),
(275, 0, 'Изолента', 9.99, 1, 2, 2, 283),
(276, 0, 'Арматура 8мм* Опт', 0.00, NULL, NULL, 1, 3),
(277, 0, 'Арматура 10мм* Опт', 0.00, NULL, NULL, 1, 3),
(278, 0, 'Арматура 12мм* Опт', 0.00, NULL, NULL, 1, 3),
(279, 0, 'Проволока отожженная ф2,0мм', 22.99, 1, 1, 1, 42),
(280, 0, 'Лист стальной 8 мм Б/У', 0.00, NULL, NULL, 2, 11),
(281, 0, 'Уголок стальной 25/25/3*', 12.05, 1, 1, 1, 19),
(282, 0, 'АИ-95', 0.00, NULL, NULL, 2, 107),
(284, 0, 'Кирпич "Белый полуторный,силикатный"', 2.65, 1, 2, 2, 283),
(285, 0, 'Труба профильная 30/20/2 Опт', 0.00, NULL, NULL, 4, 12),
(286, 0, 'Труба профильная 60/30/2 Опт', 0.00, NULL, NULL, 4, 12),
(287, 0, 'Труба профильная 60/60/2 Опт', 0.00, NULL, NULL, 4, 12),
(288, 0, 'Труба профильная 80/80/2 Опт', 0.00, NULL, NULL, 4, 12),
(289, 0, 'Балка', 0.00, NULL, NULL, 2, 147),
(290, 0, 'Проволока для сварки по нержавейке ER-304 д0,8 в кат.5кг', 999.99, 1, 2, 2, 50),
(291, 0, 'Проволока для сварки СВ 08 Г2Со д1,2 катушка 5кг', 199.99, 1, 2, 2, 50),
(292, 0, 'Проволока для сварки СВ 08 Г2С-0ГОСТ2246-70 д0,8 катушка 5кг', 239.99, 1, 2, 2, 50),
(293, 0, 'Проволока для сварки СВ 08 Г2С-0ГОСТ2246-70 д1,0 катушка 5кг', 215.50, 1, 2, 2, 50),
(294, 0, 'Проволока для сварки по нержавейке ER-304 д1 в кат.5кг', 949.99, 1, 2, 2, 50),
(295, 0, 'Диск отрезной "Zim" 125мм', 9.50, 1, 2, 2, 46),
(296, 0, 'Диск отрезной "Zim" 230мм', 17.49, 1, 2, 2, 46),
(297, 0, 'Электроды "Zim" ф3мм 1кг', 39.00, 1, 2, 2, 50),
(298, 0, 'Электроды "Zim" ф3мм 2,5кг', 99.99, 1, 2, 2, 50),
(299, 0, 'Электроды "Zim" ф3мм 5кг', 199.99, 1, 2, 2, 50),
(300, 0, 'Диск зачистной "Новосибирск" 125мм', 0.00, NULL, NULL, 2, 46),
(301, 0, 'Скотч', 0.00, NULL, NULL, 2, 283),
(302, 0, 'Труба профильная 60/40/3', 57.80, 1, 4, 4, 12),
(303, 0, 'Двутавр 20', 349.60, 1, 4, 4, 215),
(304, 0, 'Уголок стальной 75/75/5* Мера', 12.29, 1, 1, 1, 19),
(305, 0, 'Газ', 0.00, NULL, NULL, 2, 107),
(306, 0, 'Сетка рабица 50/50/1,8  н2 оц.', 399.99, 1, 2, 2, 109),
(307, 0, 'Сетка рабица 35/35/2оцинкованная', 524.99, 1, 2, 2, 109),
(308, 0, 'Сетка рабица 50/50/1,5 оц. компакт', 259.99, 1, 2, 2, 109),
(309, 0, 'Труба профильная 25/25/2', 17.65, 1, 4, 4, 12),
(311, 0, 'Лист стальной г/к 6 мм*1500*6000 ', 464.89, 1, 3, 2, 11),
(312, 0, 'Труба профильная 30/30/1.5', 20.45, 1, 4, 4, 12),
(313, 0, 'Швеллер 22 мера м.п.', 283.00, 1, 4, 4, 62),
(315, 0, 'Лист оц. 0,45мм*1000*2000м', 140.00, 1, 2, 2, 314),
(316, 0, 'Проволока для сварки ф0,8 Китай 1кг.', 249.99, 1, 2, 2, 50),
(317, 0, 'Диск зачистной "Запорожье" 125мм', 16.90, 1, 2, 2, 46),
(319, 0, 'Металлопрокат со Стройряда Алена', 0.00, NULL, NULL, 2, 318),
(320, 0, 'Труба профильная 15/15/1.2', 8.25, 1, 4, 4, 12),
(321, 0, 'Круг стальной ф13мм', 14.00, 1, 1, 1, 9),
(322, 0, 'Арматура 6мм; кл. А500С; 6м', 12.86, 1, 1, 1, 227),
(323, 0, 'Арматура 32мм; кл. А500С; 12м', 0.00, NULL, NULL, 1, 227),
(324, 0, 'Металлопрокат со Стройряда Денис Шевцов', 0.00, NULL, NULL, 2, 318),
(325, 0, 'Диск отрезной "Атаман" 150мм', 12.40, 1, 2, 2, 46),
(326, 0, 'Рулетка 10м.', 0.00, NULL, NULL, 2, 283),
(327, 0, 'Уголок стальной 40/40/4* мера', 0.00, NULL, NULL, 1, 19),
(328, 0, 'Сетка в рулоне 50/50/1.6 черная 30/1', 537.00, 1, 1, 2, 32),
(329, 0, 'Сетка в рулоне 25/12/1.4 оцинкованная 15/1', 749.50, 1, 1, 2, 32),
(330, 0, 'Полоса 20/4', 13.95, 1, 1, 1, 40),
(331, 0, 'Лист стальной х/к 1,2мм 2000/1000мм', 231.00, 1, 2, 2, 11),
(332, 0, 'Сетка в рулоне 50/50/1.2 оцинкованная 30/1', 385.00, 1, 1, 2, 32),
(333, 0, 'Двутавр 30 Б/У', 0.00, NULL, NULL, 4, 215),
(334, 0, 'Лист стальной г/к 10 мм*2000*6000 ', 809.67, 1, 3, 2, 11),
(335, 0, 'Проволока 3мм оцинкованная', 33.00, 1, 1, 4, 75),
(336, 0, 'Труба профильная 20/20/1.2', 10.50, 1, 4, 4, 12),
(338, 0, 'Профнастил h60-845-07', 0.00, NULL, NULL, 3, 337),
(339, 0, 'Труба профильная 40/20/1.2', 16.70, 1, 4, 4, 12),
(340, 0, 'Уголок стальной 45/45/4* мера', 0.00, NULL, NULL, 1, 19),
(342, 0, 'Шифер 8ми волновой 1750*1130*5,8мм', 113.99, 1, 2, 2, 341),
(343, 0, 'Уголок стальной 50/50/5* мера', 0.00, NULL, NULL, 1, 19),
(344, 0, 'Лист стальной г/к 3мм 2500/1250мм', 728.00, 1, 2, 2, 11),
(345, 0, 'Труба профильная 40/40/2 Опт', 0.00, NULL, NULL, 4, 12),
(346, 0, 'Обмен валюты', 0.00, NULL, NULL, 2, 2),
(347, 0, 'Диск отрезной "Запорожье" 230мм 2,5мм', 18.99, 1, 2, 2, 46),
(348, 0, 'Труба ДУ 15мм*2,8', 20.55, 1, 4, 4, 103),
(349, 0, 'Труба ДУ 20мм*2,5', 20.80, 1, 4, 4, 103),
(350, 0, 'Труба ДУ 25мм*2,5', 28.80, 1, 4, 4, 103),
(351, 0, 'Труба ДУ 32мм*2,8', 38.65, 1, 4, 4, 103),
(352, 0, 'Профнастил h20-1155-04', 0.00, NULL, NULL, 3, 337),
(353, 0, 'Труба профильная 17/17/2', 13.15, 1, 4, 4, 12),
(354, 0, 'Труба ДУ 10мм*1', 5.80, 1, 4, 4, 103),
(355, 0, 'Труба ДУ 14мм*1,5', 10.25, 1, 4, 4, 103),
(356, 0, 'Труба ДУ 20мм*1,5', 12.30, 1, 4, 4, 103),
(357, 0, 'Труба ДУ 22мм*1,2', 11.99, 1, 4, 4, 103),
(358, 0, 'Профнастил h8-1210-04', 0.00, NULL, NULL, 3, 337),
(359, 0, 'Труба профильная 100/100/4', 164.60, 1, 4, 4, 12),
(360, 0, 'Труба профильная 100/100/5', 220.80, 1, 4, 4, 12),
(361, 0, 'Труба профильная 30/20/1,5', 16.95, 1, 4, 4, 12),
(362, 0, 'Труба профильная 40/25/1.2', 18.80, 1, 4, 4, 12),
(363, 0, 'Труба профильная 50/25/1,5', 25.70, 1, 4, 4, 12),
(364, 0, 'Труба профильная 40/20/1.5', 20.75, 1, 4, 4, 12),
(365, 0, 'Труба профильная 20/10/1.5', 11.10, 1, 4, 4, 12),
(366, 0, 'Труба профильная 60/40/1.5', 34.75, 1, 4, 4, 12),
(367, 0, 'Труба профильная 25/25/1.2', 13.70, 1, 4, 4, 12),
(368, 0, 'Труба профильная 40/40/1.2', 22.85, 1, 4, 4, 12),
(369, 0, 'Труба профильная 50/25/1,2', 23.90, 1, 4, 4, 12),
(370, 0, 'Труба профильная 40/40/1.5', 28.10, 1, 4, 4, 12),
(371, 0, 'Труба профильная 50/30/1.2', 22.80, 1, 4, 4, 12),
(372, 0, 'Труба профильная 30/20/1,2', 14.00, 1, 4, 4, 12),
(373, 0, 'Труба профильная 60/40/1.2', 28.90, 1, 4, 4, 12),
(374, 0, 'Труба профильная 25/25/1.5', 17.50, 1, 4, 4, 12),
(375, 0, 'Труба профильная 50/30/1.5', 29.25, 1, 4, 4, 12),
(376, 0, 'Труба профильная 17/17/1.5', 11.90, 1, 4, 4, 12),
(377, 0, 'Профнастил h20-1155*2000*04', 0.00, NULL, NULL, 3, 337),
(378, 0, 'Труба профильная 20/20/1.8', 12.35, 1, 4, 4, 12),
(379, 0, 'Труба профильная 80/80/3', 93.75, 1, 4, 4, 12),
(380, 0, 'Труба профильная 40/20/3', 32.30, 1, 4, 4, 12),
(381, 0, 'Труба профильная 100/100/6', 255.45, 1, 4, 4, 12),
(382, 0, 'Лист стальной г/к 8 мм*1500*6000 ', 606.67, 1, 3, 2, 11),
(383, 0, 'Сетка рабица 60/60/1,5 оц.', 219.99, 1, 2, 2, 109),
(384, 0, 'Металлопрокат со Стройряда трубы', 0.00, NULL, NULL, 2, 318),
(385, 0, 'Уголок стальной 32/32/3* мера', 10.71, 1, 1, 1, 19),
(386, 0, 'Лист стальной г/к 3мм 2000/1000мм', 464.00, 1, 2, 2, 11),
(387, 0, 'Лист стальной г/к 4мм 2500/1250мм', 1.00, 1, 2, 2, 11),
(388, 0, 'Лист стальной г/к 5мм 1500/6000мм', 386.89, 1, 3, 2, 11),
(389, 0, 'Лист стальной г/к 6мм 1500/6000мм', 464.89, 1, 3, 3, 11),
(390, 0, 'Лист стальной г/к 8мм 1500/6000мм', 606.67, 1, 3, 3, 11),
(391, 0, 'Труба профильная 100/50/4', 131.95, 1, 4, 4, 12),
(392, 0, 'Уголок стальной 25/25/4*', 11.27, 1, 1, 1, 19),
(393, 0, 'Труба профильная 120/120/4', 221.15, 1, 4, 4, 12),
(394, 0, 'Труба профильная 60/60/3', 69.05, 1, 4, 4, 12),
(395, 0, 'Труба профильная 100/60/3', 126.15, 1, 4, 4, 12),
(396, 0, 'Труба профильная 100/50/3', 90.25, 1, 4, 4, 12),
(397, 0, 'Труба профильная 80/60/4', 145.95, 1, 4, 4, 12),
(398, 0, 'Труба профильная 80/40/2', 47.80, 1, 4, 4, 12),
(399, 0, 'Труба профильная 80/40/4', 93.40, 1, 4, 4, 12),
(400, 0, 'Труба профильная 80/60/3', 81.95, 1, 4, 4, 12),
(401, 0, 'Труба профильная 80/40/3', 71.90, 1, 4, 4, 12),
(402, 0, 'Труба профильная 70/70/4', 131.50, 1, 4, 4, 12),
(403, 0, 'Швеллер 27 мера м.п.', 360.00, 1, 4, 4, 62),
(404, 0, 'Уголок стальной 90/90/8*', 12.97, 1, 1, 1, 19),
(405, 0, 'Труба ДУ 159 мм*4,5', 322.15, 1, 4, 4, 103),
(406, 0, 'Труба ДУ 57мм*3', 52.65, 1, 4, 4, 103),
(407, 0, 'Труба ДУ 108мм*3', 116.35, 1, 4, 4, 103),
(408, 0, 'Электроды "Новые" ф3мм 5кг', 0.00, NULL, NULL, 2, 50),
(409, 0, 'Труба профильная 25/25/1.8', 17.35, 1, 4, 4, 12),
(410, 0, 'Уайт Спирит (канистра 5л)', 90.65, 1, 2, 2, 126),
(411, 0, 'Уайт Спирит маленький', 0.00, NULL, NULL, 2, 126),
(412, 0, 'Грунт ГФ021 0,9л кр.', 0.00, NULL, NULL, 2, 126),
(413, 0, 'Грунт ГФ021 2,8л.кр.', 0.00, NULL, NULL, 2, 126),
(414, 0, 'Электроды "Патон" ф3мм 1кг', 39.99, 1, 2, 2, 50),
(415, 0, 'Электроды "Патон" ф3мм 2,5кг', 99.99, 1, 2, 2, 50),
(416, 0, 'Электроды "Патон" ф3мм 5кг', 199.99, 1, 2, 2, 50),
(417, 0, 'Труба ДУ 84мм*4', 0.00, NULL, NULL, 4, 103),
(418, 0, 'Лист стальной г/к 12 мм*2000*6000 ', 971.00, 1, 3, 2, 11),
(419, 0, 'Профнастил ПК-18 RAL 8017', 0.00, NULL, NULL, 3, 337),
(420, 0, 'Труба ДУ 108мм*4', 162.80, 1, 4, 4, 103),
(421, 0, 'Электроды "Zim" ф3мм 1кг НДС', 0.00, NULL, NULL, 2, 50),
(422, 0, 'Профнастил ПК-18 ZN', 0.00, NULL, NULL, 3, 337),
(423, 0, 'Профнастил ПК-18 RAL 9006', 0.00, NULL, NULL, 3, 337),
(424, 0, 'Труба профильная 40/25/2', 23.25, 1, 4, 4, 12),
(425, 0, 'Проволока ВР-1 ф4 бухта', 0.00, NULL, NULL, 4, 75),
(426, 0, 'Проволока ВР-1 ф5 бухта', 0.00, NULL, NULL, 4, 75),
(427, 0, 'Лист г/к 2*1250*2500 1-3сп/пс', 0.00, NULL, NULL, 1, 310),
(428, 0, 'Лист г/к 4*1250*2500 1-3сп/пс', 0.00, NULL, NULL, 1, 310),
(429, 0, 'Труба профильная 50/50/4', 75.25, 1, 4, 4, 12),
(430, 0, 'Цемент 400 50кг', 69.90, 1, 2, 2, 283),
(431, 0, 'Цемент 400 25кг', 0.00, NULL, NULL, 2, 283),
(432, 0, 'С8 3005', 0.00, NULL, NULL, 3, 337),
(433, 0, 'НС-6', 0.00, NULL, NULL, 3, 337),
(434, 0, 'НС-9', 0.00, NULL, NULL, 3, 337),
(435, 0, 'НС-10', 0.00, NULL, NULL, 3, 337),
(436, 0, 'НС-11', 0.00, NULL, NULL, 3, 337),
(437, 0, 'НС-5', 0.00, NULL, NULL, 3, 337),
(438, 0, 'НС-12', 0.00, NULL, NULL, 3, 337),
(439, 0, 'НС-15', 0.00, NULL, NULL, 3, 337),
(440, 0, 'НС-13', 0.00, NULL, NULL, 3, 337),
(441, 0, 'НС-8', 0.00, NULL, NULL, 3, 337),
(442, 0, 'НС-7', 0.00, NULL, NULL, 3, 337),
(443, 0, 'Лист стальной г/к 2мм 2000/1000мм', 321.00, 1, 2, 2, 11),
(444, 0, 'НС-17', 0.00, NULL, NULL, 3, 337),
(445, 0, 'НС-18', 0.00, NULL, NULL, 3, 337),
(446, 0, 'Двутавр 20 *Опт', 0.00, NULL, NULL, 1, 215),
(447, 0, 'НС-16', 0.00, NULL, NULL, 3, 337),
(448, 0, 'НС-28', 0.00, NULL, NULL, 3, 337),
(449, 0, 'НС-21', 0.00, NULL, NULL, 3, 337),
(450, 0, 'НС-3', 0.00, NULL, NULL, 3, 337),
(451, 0, 'Труба профильная 60/40/1.8', 37.05, 1, 4, 4, 12),
(452, 0, 'Двутавр 18', 364.99, 1, 4, 4, 215),
(453, 0, 'Труба ДУ 159 мм*5', 299.95, 1, 4, 4, 103),
(454, 0, 'Лист оц. 0,4мм*1000*2000м', 136.00, 1, 2, 2, 314),
(455, 0, 'Двутавр 12', 201.00, 1, 4, 4, 215),
(456, 0, 'НС-14', 0.00, NULL, NULL, 3, 337),
(457, 0, 'НС-32', 0.00, NULL, NULL, 3, 337),
(458, 0, 'НС-24', 0.00, NULL, NULL, 3, 337),
(459, 0, 'НС-30', 0.00, NULL, NULL, 3, 337),
(460, 0, 'НС-33', 0.00, NULL, NULL, 3, 337),
(461, 0, 'НС-22', 0.00, NULL, NULL, 3, 337),
(462, 0, 'НС-20', 0.00, NULL, NULL, 3, 337),
(463, 0, 'НС-26', 0.00, NULL, NULL, 3, 337),
(464, 0, 'НС-35', 0.00, NULL, NULL, 3, 337),
(465, 0, 'НС-25', 0.00, NULL, NULL, 3, 337),
(466, 0, 'НС-23', 0.00, NULL, NULL, 3, 337),
(467, 0, 'НС-29', 0.00, NULL, NULL, 3, 337),
(468, 0, 'НС-19', 0.00, NULL, NULL, 3, 337),
(469, 0, 'Двутавр 24', 527.00, 1, 4, 4, 215),
(470, 0, 'Лист стальной 20 мм', 0.00, NULL, NULL, 3, 11),
(471, 0, 'Труба ДУ 40мм*3', 43.85, 1, 4, 4, 103),
(472, 0, 'Лист стальной х/к 0,8мм 2000/1000мм', 158.00, 1, 2, 2, 11),
(473, 0, 'ПС-8 коричневый 2м.', 0.00, NULL, NULL, 3, 337),
(474, 0, 'ПС-8 коричневый 1.5м.', 0.00, NULL, NULL, 3, 337),
(475, 0, 'ПС-8 коричневый 1.7м.', 0.00, NULL, NULL, 3, 337),
(476, 0, 'ПС-8 вишневый 1.7м.', 0.00, NULL, NULL, 3, 337),
(477, 0, 'ПС-8 вишневый 1.5м.', 0.00, NULL, NULL, 3, 337),
(478, 0, 'ПС-8 вишневый 2м.', 0.00, NULL, NULL, 3, 337),
(479, 0, 'ПС-8 зеленый 1.5м.', 0.00, NULL, NULL, 3, 337),
(480, 0, 'ПС-8 зеленый 1.7м.', 0.00, NULL, NULL, 3, 337),
(481, 0, 'ПС-8 зеленый 2м.', 0.00, NULL, NULL, 3, 337),
(482, 0, 'ПС-8 цинк 2м.', 0.00, NULL, NULL, 3, 337),
(483, 0, 'Круг стальной ф32мм', 0.00, NULL, NULL, 1, 9),
(484, 0, 'Круг стальной ф32мм ст.20', 0.00, NULL, NULL, 1, 9),
(485, 0, 'Лист стальной г/к 4мм 1500/6000мм', 0.00, NULL, NULL, 2, 11),
(486, 0, 'НС-37', 0.00, NULL, NULL, 3, 337),
(487, 0, 'Труба профильная 120/80/4', 195.55, 1, 4, 4, 12),
(488, 0, 'Труба профильная 160/160/4', 334.50, 1, 4, 4, 12),
(489, 0, 'Уголок стальной 140/140/10* Мера', 13.72, 1, 1, 1, 19),
(490, 0, 'Круг стальной ф25мм', 0.00, NULL, NULL, 1, 9),
(491, 0, 'Труба профильная 30/30/3', 33.95, 1, 4, 4, 12),
(492, 0, 'Лист стальной 16 мм', 0.00, NULL, NULL, 3, 11),
(494, 0, 'Лист рифленный г/к 4*1250*6000', 0.00, NULL, NULL, 2, 493),
(495, 0, 'НС-40', 0.00, NULL, NULL, 3, 337),
(496, 0, 'НС-27', 0.00, NULL, NULL, 3, 337),
(497, 0, 'НС-34', 0.00, NULL, NULL, 3, 337),
(498, 0, 'НС-39', 0.00, NULL, NULL, 3, 337),
(499, 0, 'НС-42', 0.00, NULL, NULL, 3, 337),
(500, 0, 'НС-44', 0.00, NULL, NULL, 3, 337),
(501, 0, 'НС-45', 0.00, NULL, NULL, 3, 337),
(502, 0, 'НС-46', 0.00, NULL, NULL, 3, 337),
(503, 0, 'НС-47', 0.00, NULL, NULL, 3, 337),
(504, 0, 'НС-48', 0.00, NULL, NULL, 3, 337),
(505, 0, 'НС-36', 0.00, NULL, NULL, 3, 337),
(506, 0, 'НС-31', 0.00, NULL, NULL, 3, 337),
(507, 0, 'НС-38', 0.00, NULL, NULL, 3, 337),
(508, 0, 'НС-43', 0.00, NULL, NULL, 3, 337),
(509, 0, 'Круг стальной ф32мм ст.45', 0.00, NULL, NULL, 1, 9),
(510, 0, 'НС-51', 0.00, NULL, NULL, 3, 337),
(511, 0, 'НС-50', 0.00, NULL, NULL, 3, 337),
(512, 0, 'Лист стальной 6 мм Б/У', 0.00, NULL, NULL, 2, 11),
(513, 0, 'НС-54', 0.00, NULL, NULL, 3, 337),
(514, 0, 'НС-49', 0.00, NULL, NULL, 3, 337),
(515, 0, 'НС-62', 0.00, NULL, NULL, 3, 337),
(517, 0, 'Саморез кровельный 4,8*35 д/дер вишневый', 0.00, NULL, NULL, 2, 516),
(518, 0, 'Саморез кровельный 4,8*35 д/дер синий', 0.00, NULL, NULL, 2, 516),
(519, 0, 'Саморез кровельный 4,8*35 д/дер зеленый', 0.00, NULL, NULL, 2, 516),
(520, 0, 'Саморез кровельный 4,8*35 д/дер темно зеленый', 0.00, NULL, NULL, 2, 516),
(521, 0, 'Саморез кровельный 4,8*35 д/дер шоколад', 0.00, NULL, NULL, 2, 516),
(522, 0, 'Саморез стеновой 4,8*19 д/мет бежевый', 0.00, NULL, NULL, 2, 516),
(523, 0, 'Саморез стеновой 4,8*19 д/мет вишневый', 0.00, NULL, NULL, 2, 516),
(524, 0, 'Саморез стеновой 4,8*19 д/мет синий', 0.00, NULL, NULL, 2, 516),
(525, 0, 'Саморез стеновой 4,8*19 д/мет зеленный', 0.00, NULL, NULL, 2, 516),
(526, 0, 'Саморез стеновой 4,8*19 д/мет коричневый', 0.00, NULL, NULL, 2, 516),
(527, 0, 'Саморез стеновой 4,8*19 д/мет белый', 0.00, NULL, NULL, 2, 516),
(528, 0, 'Саморез стеновой 4,8*19 д/мет серый', 0.00, NULL, NULL, 2, 516),
(529, 0, 'Электроды "Монолит" ф4мм 5кг', 260.00, 1, 2, 2, 50),
(530, 0, 'Арматура 8мм; кл. А500С; 12м', 10.12, 1, 1, 1, 227),
(531, 0, 'Арматура 10мм; кл. А500С; 12м', 9.39, 1, 1, 1, 227),
(532, 0, 'Труба профильная 160/160/6', 612.35, 1, 4, 4, 12),
(533, 0, 'Труба профильная 20/20/1.5', 13.05, 1, 4, 4, 12),
(534, 0, 'Труба профильная 30/30/1.2', 17.00, 1, 4, 4, 12),
(535, 0, 'Труба профильная 50/50/1.5', 38.15, 1, 4, 4, 12),
(536, 0, 'НС-52', 0.00, NULL, NULL, 3, 337),
(537, 0, 'НС-53', 0.00, NULL, NULL, 3, 337),
(538, 0, 'НС-56', 0.00, NULL, NULL, 3, 337),
(539, 0, 'НС-61', 0.00, NULL, NULL, 3, 337),
(540, 0, 'НС-4', 0.00, NULL, NULL, 3, 337),
(541, 0, 'НС-58', 0.00, NULL, NULL, 3, 337),
(542, 0, 'НС-59', 0.00, NULL, NULL, 3, 337),
(543, 0, 'НС-60', 0.00, NULL, NULL, 3, 337),
(544, 0, 'НС-2', 0.00, NULL, NULL, 3, 337),
(545, 0, 'Труба профильная 15/15/1', 7.40, 1, 4, 4, 12),
(546, 0, 'Труба профильная 15/15/1.5', 9.45, 1, 4, 4, 12),
(547, 0, 'Металлопрокат со Стройряда Гончарова Лиля', 0.00, NULL, NULL, 2, 318),
(548, 0, 'Саморез кровельный 4,8*35 д/дер цинк эконом', 0.00, NULL, NULL, 2, 516),
(549, 0, 'Саморез стеновой 4,8*19 д/мет цинк эконом', 0.00, NULL, NULL, 2, 516),
(550, 0, 'Саморез стеновой 4,8*19 д/мет коричневый эконом RAL8017', 0.00, NULL, NULL, 2, 516),
(551, 0, 'Саморез кровельный 4,8*35 д/дер коричневый эконом RAL8017', 0.00, NULL, NULL, 2, 516),
(553, 0, 'Арматура 14 ндл 3-12м', 8.37, 1, 1, 1, 552),
(554, 0, 'Арматура 16 ндл 3-12м', 9.97, 1, 1, 1, 552),
(555, 0, 'Металлопрокат со Стройряда Юля', 0.00, NULL, NULL, 2, 318),
(556, 0, 'Труба ДУ 16мм*1', 6.55, 1, 4, 4, 103),
(557, 0, 'Металлопрокат со Стройряда Антон', 0.00, NULL, NULL, 2, 318),
(558, 0, 'Металлопрокат со Стройряда Роман', 0.00, NULL, NULL, 2, 318),
(559, 0, 'НС-63', 0.00, NULL, NULL, 3, 337),
(560, 0, 'НС-41', 0.00, NULL, NULL, 3, 337),
(561, 0, 'НС-55', 0.00, NULL, NULL, 3, 337),
(562, 0, 'НС-80', 0.00, NULL, NULL, 3, 337),
(563, 0, 'НС-1', 0.00, NULL, NULL, 3, 337),
(564, 0, 'Швеллер 6,5 мера м.п.', 76.50, 1, 4, 4, 62),
(565, 0, 'Диск отрезной "Sprut" 230мм 2мм', 14.99, 1, 2, 2, 46),
(566, 0, 'Диск отрезной "Титан" 230мм 2мм', 15.99, 1, 2, 2, 46),
(567, 0, 'НС-69', 0.00, NULL, NULL, 3, 337),
(568, 0, 'НС-79', 0.00, NULL, NULL, 3, 337),
(569, 0, 'Саморез стеновой 4,8*19 д/мет серый эконом RAL9006', 0.00, NULL, NULL, 2, 516),
(570, 0, 'Саморез стеновой 4,8*19 д/мет зеленый эконом RAL6005', 0.00, NULL, NULL, 2, 516),
(571, 0, 'Саморез стеновой 4,8*19 д/мет бежевый эконом RAL8015', 0.00, NULL, NULL, 2, 516),
(572, 0, 'Саморез кровельный 4,8*35 д/дер зеленый эконом RAL6005', 0.00, NULL, NULL, 2, 516),
(573, 0, 'Саморез кровельный 4,8*35 д/дер вишневый эконом RAL3005', 0.00, NULL, NULL, 2, 516),
(574, 0, 'НС-57', 0.00, NULL, NULL, 3, 337),
(575, 0, 'НС-70', 0.00, NULL, NULL, 3, 337),
(576, 0, 'НС-64', 0.00, NULL, NULL, 3, 337),
(577, 0, 'НС-66', 0.00, NULL, NULL, 3, 337),
(578, 0, 'НС-67', 0.00, NULL, NULL, 3, 337),
(579, 0, 'НС-72', 0.00, NULL, NULL, 3, 337),
(580, 0, 'НС-75', 0.00, NULL, NULL, 3, 337),
(581, 0, 'НС-76', 0.00, NULL, NULL, 3, 337),
(582, 0, 'НС-81', 0.00, NULL, NULL, 3, 337),
(583, 0, 'НС-82', 0.00, NULL, NULL, 3, 337),
(584, 0, 'НС-83', 0.00, NULL, NULL, 3, 337),
(585, 0, 'НС-73', 0.00, NULL, NULL, 3, 337),
(586, 0, 'НС-74', 0.00, NULL, NULL, 3, 337),
(587, 0, 'НС-78', 0.00, NULL, NULL, 3, 337),
(588, 0, 'НС-84', 0.00, NULL, NULL, 3, 337),
(589, 0, 'НС-65', 0.00, NULL, NULL, 3, 337),
(590, 0, 'Гипсокартон BAUGIPS 9,5мм*1200*2500', 74.50, 1, 2, 2, 859),
(591, 0, 'Гипсокартон BAUGIPS 12,5мм*1200*2500', 79.50, 1, 2, 2, 859),
(592, 0, 'Строительная плита для сухой штукаткруи влагостойкая 12,5мм*1200*2500', 0.00, NULL, NULL, 2, 859),
(593, 0, 'Шпаклевка Plato Start 30кг Lafarge', 79.30, 1, 2, 2, 858),
(594, 0, 'Шпаклевка Plato Finish 25кг Lafarge', 79.30, 1, 2, 2, 858),
(595, 0, 'Штукатурка стартовая Plato Izomix 25кг Lafarge', 83.80, 1, 2, 2, 858),
(596, 0, 'Шпаклевка для швов Plato Filler 15кг Lafarge', 64.90, 1, 2, 2, 858),
(597, 0, 'НС-86', 0.00, NULL, NULL, 3, 337),
(598, 0, 'НС-87', 0.00, NULL, NULL, 3, 337),
(599, 0, 'НС-89', 0.00, NULL, NULL, 3, 337),
(600, 0, 'НС-90', 0.00, NULL, NULL, 3, 337),
(601, 0, 'НС-92', 0.00, NULL, NULL, 3, 337),
(602, 0, 'НС-93', 0.00, NULL, NULL, 3, 337),
(603, 0, 'НС-96', 0.00, NULL, NULL, 3, 337),
(604, 0, 'НС-97', 0.00, NULL, NULL, 3, 337),
(605, 0, 'НС-98', 0.00, NULL, NULL, 3, 337),
(606, 0, 'НС-99', 0.00, NULL, NULL, 3, 337),
(607, 0, 'НС-100', 0.00, NULL, NULL, 3, 337),
(608, 0, 'НС-101', 0.00, NULL, NULL, 3, 337),
(609, 0, 'НС-103', 0.00, NULL, NULL, 3, 337),
(610, 0, 'НС-91', 0.00, NULL, NULL, 3, 337),
(611, 0, 'НС-94', 0.00, NULL, NULL, 3, 337),
(612, 0, 'НС-95', 0.00, NULL, NULL, 3, 337),
(613, 0, 'НС-102', 0.00, NULL, NULL, 3, 337),
(614, 0, 'Уголок стальной 50/50/3*', 10.99, 1, 1, 1, 19),
(615, 0, 'Уголок стальной 40/40/3*', 10.84, 1, 1, 1, 19),
(616, 0, 'Уголок стальной 90/90/6*', 14.47, 1, 1, 1, 19),
(617, 0, 'Уголок стальной 70/70/5*', 13.00, 1, 1, 1, 19),
(618, 0, 'Уголок стальной 60/60/5*', 11.88, 1, 1, 1, 19),
(619, 0, 'Уголок стальной 120/120/8*', 0.00, NULL, NULL, 1, 19),
(620, 0, 'Уголок стальной 45/45/3*', 0.00, NULL, NULL, 1, 19),
(621, 0, 'Уголок стальной 100/100/6*', 13.36, 1, 1, 1, 19),
(622, 0, 'Труба профильная 20/20/1', 9.45, 1, 4, 4, 12),
(623, 0, 'Металлопрокат со Стройряда Денис Шевцов 1', 0.00, NULL, NULL, 2, 318),
(624, 0, 'Сетка в рулоне 50/25/1.4 черная 30/1', 0.00, NULL, NULL, 2, 32),
(625, 0, 'Сетка в рулоне 50/50/1.4 черная 30/1', 0.00, NULL, NULL, 2, 32),
(626, 0, 'Сетка в рулоне 25/25/1.4 черная 30/1', 0.00, NULL, NULL, 2, 32),
(627, 0, 'Лист стальной х/к 1,2мм 2500/1250мм', 0.00, NULL, NULL, 2, 11),
(628, 0, 'Песок в мешке 0,03 куб.м. "Безлюдовка"', 14.00, 1, 2, 2, 283),
(629, 0, 'НС-104', 0.00, NULL, NULL, 3, 337),
(630, 0, 'НС-105', 0.00, NULL, NULL, 3, 337),
(631, 0, 'НС-108', 0.00, NULL, NULL, 3, 337),
(632, 0, 'НС-109', 0.00, NULL, NULL, 3, 337),
(633, 0, 'НС-113', 0.00, NULL, NULL, 3, 337),
(634, 0, 'НС-114', 0.00, NULL, NULL, 3, 337),
(635, 0, 'НС-115', 0.00, NULL, NULL, 3, 337),
(636, 0, 'НС-106', 0.00, NULL, NULL, 3, 337),
(637, 0, 'НС-107', 0.00, NULL, NULL, 3, 337),
(638, 0, 'НС-111', 0.00, NULL, NULL, 3, 337),
(639, 0, 'НС-110', 0.00, NULL, NULL, 3, 337),
(640, 0, 'Металлопрокат со Стройряда Олег', 0.00, NULL, NULL, 2, 318),
(641, 0, 'Полоса 25/4', 0.00, NULL, NULL, 1, 40),
(642, 0, 'Труба ДУ 89мм*3', 91.50, 1, 4, 4, 103),
(644, 0, 'Оптовая продажа на Эталон', 0.00, NULL, NULL, 2, 643),
(645, 0, 'Миниральная вата Termolife 50мм плотность 30', 154.00, 1, 2, 2, 856),
(646, 0, 'Миниральная вата Termolife 100мм плотность 30', 118.00, 1, 2, 2, 856),
(647, 0, 'Металлопрокат со Стройряда Алена 1', 0.00, NULL, NULL, 2, 318),
(648, 0, 'Лист стальной х/к 1мм 2000/1000мм', 192.00, 1, 2, 2, 11),
(649, 0, 'Лист стальной г/к 2мм 2500/1250мм', 492.00, 1, 2, 2, 11),
(650, 0, 'Труба ДУ 108мм*3,5', 126.55, 1, 4, 4, 103),
(652, 0, 'Петли для ворот ?20 с шариком (пара)', 24.70, 1, 2, 2, 651),
(653, 0, 'Петли для ворот ?22 с шариком (пара)', 27.30, 1, 2, 2, 651),
(654, 0, 'Петли для ворот ?24 с шариком (пара)', 33.80, 1, 2, 2, 651),
(655, 0, 'Петли для ворот ?26 с шариком (пара)', 40.30, 1, 2, 2, 651),
(656, 0, 'Петли для ворот ?28 с шариком (пара)', 49.40, 1, 2, 2, 651),
(657, 0, 'Петли для ворот ?30 с шариком (пара)', 53.30, 1, 2, 2, 651),
(658, 0, 'Петли для ворот ?32 с шариком (пара)', 61.10, 1, 2, 2, 651),
(659, 0, 'Лист оц. 0,7мм*1000*2000м', 210.00, 1, 2, 2, 314),
(660, 0, 'Уголок стальной 50/50/4*', 10.85, 1, 1, 1, 19),
(661, 0, 'Металлопрокат со Стройряда Гончарова Лиля1', 0.00, NULL, NULL, 2, 318),
(662, 0, 'НС-215', 0.00, NULL, NULL, 3, 337),
(663, 0, 'Двутавр 14', 230.20, 1, 4, 4, 215),
(664, 0, 'Арматура 14мм; кл. А500С; 12м', 0.00, NULL, NULL, 1, 227),
(665, 0, 'Труба ДУ 168 мм*4', 274.10, 1, 4, 4, 103),
(666, 0, 'Труба ДУ 108мм*5', 194.99, 1, 4, 4, 103),
(667, 0, 'Труба ДУ 133 мм*5', 259.99, 1, 4, 4, 103),
(668, 0, 'НС-71', 0.00, NULL, NULL, 3, 337),
(669, 0, 'НС-68', 0.00, NULL, NULL, 3, 337),
(670, 0, 'НС-85', 0.00, NULL, NULL, 3, 337),
(671, 0, 'НС-77', 0.00, NULL, NULL, 3, 337),
(672, 0, 'Оптовая продажа на Набережны Квартал', 0.00, NULL, NULL, 2, 643),
(674, 0, 'Профиль СD-60 3м (-0,35)', 23.00, 1, 2, 2, 673),
(675, 0, 'Профиль UD-27 3м (-0,35)', 15.00, 1, 2, 2, 673),
(676, 0, 'Профиль СD-60 3м (+0,4)', 26.00, 1, 2, 2, 673),
(677, 0, 'Профиль UD-27 3м (+0,4)', 17.00, 1, 2, 2, 673),
(678, 0, 'Профиль СD-60 3м (0,5)', 32.00, 1, 2, 2, 673),
(679, 0, 'Профиль UD-27 3м (0,5)', 23.00, 1, 2, 2, 673),
(680, 0, 'Гипсокартон влагостойкий  12,5мм*1200*2500', 106.60, 1, 2, 2, 859),
(681, 0, 'Труба профильная 15/15/0,8', 9.35, 1, 4, 4, 12),
(682, 0, 'Труба профильная 15/15/1.8', 11.85, 1, 4, 4, 12),
(683, 0, 'Труба профильная 20/20/2,2', 15.05, 1, 4, 4, 12),
(684, 0, 'Труба профильная 40/20/1.8', 21.10, 1, 4, 4, 12),
(685, 0, 'Металлопрокат со Стройряда Антон1', 0.00, NULL, NULL, 2, 318),
(686, 0, 'Металлопрокат со Стройряда склад', 0.00, NULL, NULL, 2, 318),
(687, 0, 'Труба профильная 50/25/1,8', 28.60, 1, 4, 4, 12),
(688, 0, 'Труба профильная 120/120/6', 348.05, 1, 4, 4, 12),
(689, 0, 'Уголок стальной 35/35/4*', 11.19, 1, 1, 1, 19),
(690, 0, 'Арматура 20мм; кл. А500С; 12м', 9.10, 1, 1, 1, 227),
(691, 0, 'Двутавр 10', 164.95, 1, 4, 4, 215),
(692, 0, 'Двутавр 22', 439.00, 1, 4, 4, 215),
(693, 0, 'Двутавр 27', 601.00, 1, 4, 4, 215),
(694, 0, 'Диск отрезной "Атаман" 180мм', 17.00, 1, 2, 2, 46),
(695, 0, 'Краска в баллончике "Чемпион" RAL9006, 400 мл', 59.00, 1, 2, 2, 126),
(696, 0, 'Сетка сварная 50/50/3 карта 2/1 ГОСТ', 0.00, NULL, NULL, 2, 25),
(697, 0, 'Труба ДУ 20мм*2,8', 21.85, 1, 4, 4, 103),
(698, 0, 'Труба ДУ 76мм*3', 69.80, 1, 4, 4, 103),
(699, 0, 'Труба ДУ 50мм*3,5', 71.85, 1, 4, 4, 103),
(700, 0, 'Труба ДУ 76мм*3,5', 90.60, 1, 4, 4, 103),
(701, 0, 'Труба профильная 30/30/2 Опт', 0.00, NULL, NULL, 4, 12),
(702, 0, 'Петли для ворот ?20 с шариком, 100 короткая (пара)', 22.10, 1, 2, 2, 651),
(703, 0, 'Петли для ворот ?25 с шариком (пара)', 37.70, 1, 2, 2, 651),
(704, 0, 'Петли для ворот ?28 с шариком короткая (пара)', 48.10, 1, 2, 2, 651),
(705, 0, 'Петли для ворот ?28 с шариком длинная (пара)', 0.00, NULL, NULL, 2, 651),
(706, 0, 'Петли для ворот ?24 с шариком корона (пара)', 44.20, 1, 2, 2, 651),
(707, 0, 'Петли для ворот ?26 с шариком корона (пара)', 50.70, 1, 2, 2, 651),
(708, 0, 'Петли для ворот ?24 с подшипником (пара)', 63.70, 1, 2, 2, 651),
(709, 0, 'Петли для ворот ?22 с подшипником (пара)', 57.20, 1, 2, 2, 651),
(710, 0, 'Петли для ворот ?30 с подшипником (пара)', 115.70, 1, 2, 2, 651),
(711, 0, 'Петли для ворот ?32 с подшипником (пара)', 128.70, 1, 2, 2, 651),
(713, 0, 'Анкер 8х40', 1.61, 1, 2, 2, 712),
(714, 0, 'Анкер 8х60', 1.86, 1, 2, 2, 712),
(715, 0, 'Анкер 8х80', 2.15, 1, 2, 2, 712),
(716, 0, 'Анкер 8х100', 2.86, 1, 2, 2, 712),
(717, 0, 'Анкер 8х115', 2.96, 1, 2, 2, 712),
(718, 0, 'Анкер 8х130', 4.29, 1, 2, 2, 712),
(719, 0, 'Анкер 10х80', 3.33, 1, 2, 2, 712),
(720, 0, 'Анкер 10х100', 3.90, 1, 2, 2, 712),
(721, 0, 'Анкер 10х150', 5.90, 1, 2, 2, 712),
(722, 0, 'Анкер 12х100', 6.27, 1, 2, 2, 712),
(723, 0, 'Анкер 12х130', 7.51, 1, 2, 2, 712),
(724, 0, 'Анкер 12х150', 8.42, 1, 2, 2, 712),
(725, 0, 'Анкер рамный 52', 1.99, 1, 2, 2, 712),
(726, 0, 'Анкер рамный 92', 2.43, 1, 2, 2, 712),
(727, 0, 'Анкер рамный 112', 2.70, 1, 2, 2, 712),
(728, 0, 'НС-88', 0.00, NULL, NULL, 3, 337),
(729, 0, 'Краска в баллончике "Чемпион" RAL6005, 400 мл', 59.00, 1, 2, 2, 126),
(730, 0, 'Краска в баллончике "Чемпион" RAL8017, 400 мл', 59.00, 1, 2, 2, 126),
(731, 0, 'Краска в баллончике "Чемпион" RAL9003, 400 мл', 59.00, 1, 2, 2, 126),
(732, 0, 'Плита OSB 8 мм 2500х1250мм EGGER (124шт/пал)', 175.00, 1, 2, 2, 857),
(733, 0, 'Плита OSB 10 мм 2500х1250мм КРОНО Украина (100 шт/пал)', 169.00, 1, 2, 2, 857),
(734, 0, 'Плита OSB 12мм 2500х1250мм КРОНО Украина (85 шт/пал)', 215.00, 1, 2, 2, 857),
(735, 0, 'Арматура 25мм; кл. А500С; 12м', 0.00, NULL, NULL, 1, 227),
(736, 0, 'Профиль UW-75 (4м)', 0.00, NULL, NULL, 2, 673),
(737, 0, 'Профиль UW-75 (3м)', 0.00, NULL, NULL, 2, 673),
(738, 0, 'Металлопрокат со Стройряда Роман1', 0.00, NULL, NULL, 2, 318),
(739, 0, 'Труба профильная 50/30/3', 46.20, 1, 4, 4, 12),
(740, 0, 'Плита OSB 18мм 2500х1250мм КРОНО Украина (60 шт/пал)', 327.00, 1, 2, 2, 857),
(741, 0, 'Труба ДУ 16мм*1 ОПТ', 0.00, NULL, NULL, 1, 103),
(742, 0, 'Металлопрокат со Стройряда Сергей', 0.00, NULL, NULL, 2, 318),
(743, 0, 'НС-112', 0.00, NULL, NULL, 3, 337),
(744, 0, 'НС-116', 0.00, NULL, NULL, 3, 337),
(745, 0, 'НС-117', 0.00, NULL, NULL, 3, 337),
(746, 0, 'НС-118', 0.00, NULL, NULL, 3, 337),
(747, 0, 'НС-119', 0.00, NULL, NULL, 3, 337),
(748, 0, 'НС-120', 0.00, NULL, NULL, 3, 337),
(749, 0, 'НС-121', 0.00, NULL, NULL, 3, 337),
(750, 0, 'НС-122', 0.00, NULL, NULL, 3, 337),
(751, 0, 'НС-123', 0.00, NULL, NULL, 3, 337),
(752, 0, 'Труба профильная 60/40/3 Опт', 0.00, NULL, NULL, 4, 12);
INSERT INTO `products` (`id`, `article`, `name`, `price`, `currency`, `measure`, `basic_measure`, `category_id`) VALUES
(753, 0, 'Чугн в чушках ПЛ-1', 0.00, NULL, NULL, 1, 643),
(754, 0, 'Труба ДУ 219мм*8', 903.00, 1, 4, 4, 103),
(755, 0, 'Труба ДУ 273мм*7', 1.00, 1, 4, 4, 103),
(756, 0, 'Лист х/к 1,2*1000*2000', 0.00, NULL, NULL, 1, 310),
(757, 0, 'Лист х/к 1,5*1000*2000', 0.00, NULL, NULL, 1, 310),
(758, 0, 'Лист х/к 1,8*1000*2000', 0.00, NULL, NULL, 1, 310),
(759, 0, 'Грунт "Комфорт" 2,8 кг (серый)', 87.32, 1, 2, 2, 126),
(760, 0, 'Грунт "Комфорт" 0,9 кг (серый)', 31.89, 1, 2, 2, 126),
(761, 0, 'Пена монтажная "Hoffman'''' ручная (750мл)', 93.60, 1, 2, 2, 855),
(762, 0, 'Краска в баллончике "Чемпион" RAL3005, 400 мл', 59.00, 1, 2, 2, 126),
(763, 0, 'Пена монтажная "Axfix'''' проф (750мл)', 110.50, 1, 2, 2, 855),
(764, 0, 'Пена монтажная "Axfix'''' ручная (500мл)', 76.70, 1, 2, 2, 855),
(765, 0, 'Пена монтажная "Axfix'''' ручная (300мл)', 62.40, 1, 2, 2, 855),
(766, 0, 'Труба профильная 40/20/1.5 Опт', 0.00, NULL, NULL, 4, 12),
(767, 0, 'Арматура 16мм; кл. А500С; 12м', 0.00, NULL, NULL, 1, 227),
(768, 0, 'Лист оц. 0,5мм*1000*2000м', 146.00, 1, 2, 2, 314),
(769, 0, 'Лист оц. 0,55мм*1000*2000м', 168.00, 1, 2, 2, 314),
(770, 0, 'Лист оц. 0,65мм*1000*2000м', 194.00, 1, 2, 2, 314),
(771, 0, 'Лист оц. 1мм*1000*2000м', 306.99, 1, 2, 2, 314),
(772, 0, 'Арматура 18мм; кл. А500С; 12м', 9.08, 1, 1, 1, 227),
(773, 0, 'Арматура 22мм; кл. А500С; 12м', 9.60, 1, 1, 1, 227),
(774, 0, 'Диск зачистной "Запорожье" 150мм', 19.90, 1, 2, 2, 46),
(775, 0, 'Диск зачистной "Запорожье" 230мм', 22.90, 1, 2, 2, 46),
(776, 0, 'Диск отрезной "Zim" 150мм', 0.00, NULL, NULL, 2, 46),
(777, 0, 'Лист стальной г/к 4мм 1000/2000мм', 676.00, 1, 2, 2, 11),
(778, 0, 'Лист стальной г/к 2мм 2500/1250мм', 0.00, NULL, NULL, 2, 11),
(779, 0, 'Сетка в рулоне 50/50/1.6 оц. 30/1', 885.00, 1, 2, 2, 32),
(780, 0, 'Труба ДУ 12мм*1', 6.65, 1, 4, 4, 103),
(781, 0, 'Труба ДУ 102мм*3,5', 135.15, 1, 4, 4, 103),
(782, 0, 'Труба ДУ 159 мм*4', 250.60, 1, 4, 4, 103),
(783, 0, 'Труба ДУ 15мм*2,5', 16.60, 1, 4, 4, 103),
(784, 0, 'Труба ДУ 133 мм*4', 205.85, 1, 4, 4, 103),
(785, 0, 'Арматура 12мм; кл А-800; 6,7м', 0.00, NULL, NULL, 1, 227),
(786, 0, 'Арматура 12мм; кл А-800; 7,6м', 0.00, NULL, NULL, 1, 227),
(787, 0, 'Труба ДУ 102мм*3', 102.15, 1, 4, 4, 103),
(788, 0, 'Труба ДУ 76мм*4', 0.00, NULL, NULL, 4, 103),
(789, 0, 'Труба ДУ 168 мм*6', 0.00, NULL, NULL, 4, 103),
(790, 0, 'Петли для ворот ?20 с шариком, 110 длинная (пара)', 0.00, NULL, NULL, 2, 651),
(791, 0, 'Грунт "Комфорт" 2,8 кг (красно-коричневый)', 0.00, NULL, NULL, 2, 126),
(792, 0, 'Уайт Спирит "Блеск" (1л)', 0.00, NULL, NULL, 2, 126),
(793, 0, 'Уайт Спирит "Блеск" (0,5л)', 0.00, NULL, NULL, 2, 126),
(794, 0, 'Труба профильная 120/60/4', 0.00, NULL, NULL, 4, 12),
(795, 0, 'Труба ДУ 12мм*0,6', 0.00, NULL, NULL, 4, 103),
(796, 0, 'Труба профильная 40/25/3', 0.00, NULL, NULL, 4, 12),
(797, 0, 'Круг стальной ф20', 0.00, NULL, NULL, 1, 9),
(798, 0, 'Труба профильная 140/140/4', 0.00, NULL, NULL, 4, 12),
(799, 0, 'Швеллер 30 мера м.п.', 0.00, NULL, NULL, 4, 62),
(800, 0, 'Швеллер 20 мера НДЛ', 0.00, NULL, NULL, 1, 62),
(801, 0, 'Швеллер 16 мера НДЛ', 0.00, NULL, NULL, 1, 62),
(802, 0, 'Лист стальной х/к 1,4мм 2000/1000мм', 0.00, NULL, NULL, 2, 11),
(803, 0, 'Труба профильная 50/25/2 ОПТ', 0.00, NULL, NULL, 1, 12),
(804, 0, 'Труба профильная 40/20/2 ОПТ', 0.00, NULL, NULL, 1, 12),
(805, 0, 'Труба ДУ 40мм*3,5', 0.00, NULL, NULL, 4, 103),
(806, 0, 'Труба ДУ 40мм*4', 0.00, NULL, NULL, 4, 103),
(807, 0, 'Труба ДУ 108мм*6', 0.00, NULL, NULL, 4, 103),
(808, 0, 'Труба ДУ 76мм*6', 0.00, NULL, NULL, 4, 103),
(809, 0, 'Труба ДУ 50мм*3,5 ОПТ', 0.00, NULL, NULL, 1, 103),
(810, 0, 'Труба ДУ 12мм*1 ОПТ', 0.00, NULL, NULL, 1, 103),
(811, 0, 'Бартер', 0.00, NULL, NULL, 2, 2),
(812, 0, 'Труба профильная 40/30/3', 0.00, NULL, NULL, 4, 12),
(813, 0, 'Круг стальной ф50', 0.00, NULL, NULL, 1, 9),
(814, 0, 'Труба ДУ 57мм*3,5', 0.00, NULL, NULL, 4, 103),
(815, 0, 'Труба ДУ 89мм*3,5', 0.00, NULL, NULL, 4, 103),
(816, 0, 'Лист рифленный г/к 3*1000*4000', 0.00, NULL, NULL, 2, 493),
(818, 0, 'Лист ПВЛ 506*1000*2000', 0.00, NULL, NULL, 2, 817),
(819, 0, 'Швеллер 16 кг.', 0.00, NULL, NULL, 1, 62),
(820, 0, 'Труба ДУ 20мм*2,8 ОПТ', 0.00, NULL, NULL, 1, 103),
(821, 0, 'Труба профильная 40/40/3 ОПТ', 0.00, NULL, NULL, 1, 12),
(822, 0, 'Лист г/к 2*1000*2000 1-3сп/пс', 0.00, NULL, NULL, 1, 310),
(823, 0, 'Лист х/к 1,5*1250*2500', 0.00, NULL, NULL, 1, 310),
(824, 0, 'Труба ДУ 60мм*1,5', 0.00, NULL, NULL, 4, 103),
(825, 0, 'Оптовая продажа на Эко-Модуль', 0.00, NULL, NULL, 2, 643),
(826, 0, 'Сетка сварная 50/50/4 карта 2/0,5 ГОСТ', 0.00, NULL, NULL, 2, 25),
(827, 0, 'Полоса 60/4', 0.00, NULL, NULL, 1, 40),
(828, 0, 'Саморез стеновой 4,8*19 д/мет красный эконом RAL3011', 0.00, NULL, NULL, 2, 516),
(829, 0, 'Саморез кровельный 4,8*35 д/дер красный эконом RAL3011', 0.00, NULL, NULL, 2, 516),
(830, 0, 'Круг стальной ф22', 0.00, NULL, NULL, 1, 9),
(831, 0, 'Лист оц. 0,7мм*1000*2000м ОПТ', 0.00, NULL, NULL, 2, 314),
(832, 0, 'Лист стальной г/к 18 мм*2000*6000 ', 0.00, NULL, NULL, 2, 11),
(833, 0, 'Лист рифленный г/к 4*1250*4000', 0.00, NULL, NULL, 2, 493),
(834, 0, 'Лист рифленный г/к 5*1250*4000', 0.00, NULL, NULL, 2, 493),
(835, 0, 'Лист рифленный г/к 3*1250*4000', 0.00, NULL, NULL, 2, 493),
(836, 0, 'Металлопрокат со Стройряда Алексей', 0.00, NULL, NULL, 2, 318),
(837, 0, 'Лист стальной 30 мм', 0.00, NULL, NULL, 3, 11),
(838, 0, 'Металлопрокат со Стройряда Алексей 1', 0.00, NULL, NULL, 2, 318),
(839, 0, 'Лист стальной г/к 3мм 1500/6000мм', 0.00, NULL, NULL, 2, 11),
(840, 0, 'Лист стальной х/к 3мм 1000/2000мм', 0.00, NULL, NULL, 2, 11),
(841, 0, 'Труба профильная 120/60/3', 0.00, NULL, NULL, 4, 12),
(842, 0, 'Круг стальной ф16мм', 0.00, NULL, NULL, 1, 9),
(843, 0, 'Труба профильная 40/25/1.5', 0.00, NULL, NULL, 4, 12),
(844, 0, 'Труба профильная 10/10/1.2', 0.00, NULL, NULL, 4, 12),
(845, 0, 'Труба профильная 100/60/4', 0.00, NULL, NULL, 4, 12),
(846, 0, 'Труба ДУ 50мм*3', 0.00, NULL, NULL, 4, 103),
(847, 0, 'Труба ДУ 12мм*1,2', 0.00, NULL, NULL, 4, 103),
(848, 0, 'Труба профильная 120/120/5', 0.00, NULL, NULL, 4, 12),
(849, 0, 'Труба профильная 140/140/6', 0.00, NULL, NULL, 4, 12),
(860, 0, 'Труба профильная 120/120/3', 0.00, NULL, NULL, 4, 12),
(861, 0, 'Лист стальной г/к 6мм 2000/6000мм', 0.00, NULL, NULL, 3, 11),
(862, 0, 'Сетка сварная 50/50/4 карта 2/1 ГОСТ', 0.00, NULL, NULL, 2, 25),
(863, 0, 'Краска Hammerite молотковая, 2,5л коричн.', 0.00, NULL, NULL, 2, 126),
(864, 0, 'Грунт ХимРезерв 2,7 кг красно-коричн.', 0.00, NULL, NULL, 2, 126),
(865, 0, 'Растворитель SOLVENT UNIVERSAL 1л', 0.00, NULL, NULL, 2, 126);

-- --------------------------------------------------------

--
-- Структура таблицы `users`
--

CREATE TABLE IF NOT EXISTS `users` (
  `id` int(10) unsigned NOT NULL AUTO_INCREMENT,
  `name` varchar(255) COLLATE utf8_unicode_ci NOT NULL,
  `email` varchar(255) COLLATE utf8_unicode_ci NOT NULL,
  `password` varchar(60) COLLATE utf8_unicode_ci NOT NULL,
  `remember_token` varchar(100) COLLATE utf8_unicode_ci DEFAULT NULL,
  `created_at` timestamp NOT NULL DEFAULT '0000-00-00 00:00:00',
  `updated_at` timestamp NOT NULL DEFAULT '0000-00-00 00:00:00',
  PRIMARY KEY (`id`),
  UNIQUE KEY `users_email_unique` (`email`)
) ENGINE=InnoDB  DEFAULT CHARSET=utf8 COLLATE=utf8_unicode_ci AUTO_INCREMENT=2 ;

--
-- Дамп данных таблицы `users`
--

INSERT INTO `users` (`id`, `name`, `email`, `password`, `remember_token`, `created_at`, `updated_at`) VALUES
(1, 'admin', 'umer.hurramov@gmail.com', '$2y$10$QLyfwPGxzPQqdxosg0q1IeVHjU8AEfo.Q0.gLyTYVRIZqu2OfeZiG', '0IQ4zUI8baPL9exA8NHgrerYhzxlRpvx4n5dTgK1ZN5bUqfZNzZLEzs3e10j', '2016-01-12 10:34:39', '2016-03-21 05:24:59');

--
-- Ограничения внешнего ключа сохраненных таблиц
--

--
-- Ограничения внешнего ключа таблицы `cat_to_cat`
--
ALTER TABLE `cat_to_cat`
  ADD CONSTRAINT `cat_to_cat_child_id_foreign` FOREIGN KEY (`child_id`) REFERENCES `categories` (`id`),
  ADD CONSTRAINT `cat_to_cat_parent_id_foreign` FOREIGN KEY (`parent_id`) REFERENCES `categories` (`id`);

--
-- Ограничения внешнего ключа таблицы `contents`
--
ALTER TABLE `contents`
  ADD CONSTRAINT `contents_product_id_foreign` FOREIGN KEY (`product_id`) REFERENCES `products` (`id`) ON DELETE CASCADE ON UPDATE CASCADE;

--
-- Ограничения внешнего ключа таблицы `products`
--
ALTER TABLE `products`
  ADD CONSTRAINT `products_basic_measure_foreign` FOREIGN KEY (`basic_measure`) REFERENCES `measures` (`id`) ON UPDATE CASCADE,
  ADD CONSTRAINT `products_category_id_foreign` FOREIGN KEY (`category_id`) REFERENCES `categories` (`id`) ON UPDATE CASCADE,
  ADD CONSTRAINT `products_currency_foreign` FOREIGN KEY (`currency`) REFERENCES `currencies` (`id`) ON UPDATE CASCADE,
  ADD CONSTRAINT `products_measure_foreign` FOREIGN KEY (`measure`) REFERENCES `measures` (`id`) ON UPDATE CASCADE;

/*!40101 SET CHARACTER_SET_CLIENT=@OLD_CHARACTER_SET_CLIENT */;
/*!40101 SET CHARACTER_SET_RESULTS=@OLD_CHARACTER_SET_RESULTS */;
/*!40101 SET COLLATION_CONNECTION=@OLD_COLLATION_CONNECTION */;
